<?xml version="1.0" encoding="UTF-8" standalone="yes"?>
<addon id="plugin.video.antena3"
       name="Antena 3"
       version="1.0.0" 
       provider-name="krysty">
  <requires>
   <import addon="xbmc.python" version="2.1"/>
  </requires>
  <extension point="xbmc.python.pluginsource" library="default.py">
        <provides>video</provides>
  </extension>
  <extension point="xbmc.addon.metadata">
    <summary>Antena 3 RO live</summary>
    <description>Urmareste Antena 3 RO live.</description>
    <platform>all</platform>
	<language>ro</language>
  </extension>
</addon>
