<?xml version="1.0" encoding="UTF-8" standalone="yes"?>
<addon id="plugin.video.990"
       name="990.ro"
       version="0.4.4"
       provider-name="krysty">
    <requires>
        <import addon="xbmc.python" version="2.1.0"/>
    </requires>
    <extension point="xbmc.python.pluginsource" library="default.py"><provides>video</provides></extension>
	<extension point="xbmc.service" library="service.py" start="startup"></extension>
	<extension point="xbmc.addon.repository" name="990.ro Autoupdate Repository">
		<info compressed="false">https://krysty-xbmc.googlecode.com/svn/addons/addons.xml</info>
		<checksum>https://krysty-xbmc.googlecode.com/svn/addons/addons.xml.md5</checksum>
		<datadir zip="true">https://krysty-xbmc.googlecode.com/svn/addons</datadir>
	</extension>
    <extension point="xbmc.addon.metadata">
		<provides>video</provides>
        <platform>all</platform>
		<website>https://code.google.com/p/krysty-xbmc/</website>
        <license>GNU GENERAL PUBLIC LICENSE. Version 3, 29 June 2007</license>
        <summary>Stream videos from www.990.ro</summary>
        <description>Stream scene releases from the links listed on [COLOR blue]www.990.ro[/COLOR]</description>
    </extension>
</addon>
